Protein Id	Amounts
P0AF96	2713.12365
P00968	352.9625045
P0AET8	96.94303291
P00864	69.6589514
P07004	98.23692791
P77806	55.22221701
P21179	85.61773886
P16700	110.8366338
P0A9B2	58.85362583
P21179	85.61773886
P25397	49.87801314
P08839	315.6998212
P36659	4.731204567
P0AEJ6	4.784373827
P17443	9.782556169
P0A7V0	2.763818455
P21889	39.35017603
P21367	4.965161504
P35340	16.58212686
P0A7R5	19.38090181
P0AC84	0.928186177
P00893	1.35238052
P0AC53	0.645499566
P76576	0.272197903
